"study","cell_id","scenario","factor_changed","method","n","p","main_k","separation","main_structure","main_distribution","minority_ratio","q","minority_sd","minority_proximity","MajorARI","MinorityDetectionF1","MinorityClusterF1","AnyMicroDiscovery","AbsQError","SpuriousExtraClusters","end_to_end_seconds"
"negative_control",1,"N0X","baseline","DBSCAN_full",1000,5,2,6,"elliptical","normal",0,0,0.2,"isolated",4.06619929050161e-05,NA,NA,0,0,0,0.0232880000000003
"negative_control",2,"N0X","noise_type","DBSCAN_full",1000,5,2,6,"elliptical","normal",0,0,0.2,"isolated",5.9611355565561e-08,NA,NA,0,0,0,0.028396000000004
"negative_control",3,"N0X","noise_type","DBSCAN_full",1000,5,2,6,"elliptical","normal",0,0,0.2,"isolated",0.000183421645510725,NA,NA,0,0,0,0.0229539999999915
"negative_control",4,"N0X","noise_type","DBSCAN_full",1000,5,2,6,"elliptical","normal",0,0,0.2,"isolated",0.000207789223048916,NA,NA,0,0,0,0.0216180000000068
"negative_control",5,"N0X","main_distribution","DBSCAN_full",1000,5,2,6,"elliptical","t5",0,0,0.2,"isolated",0.000157711379167504,NA,NA,0,0,0,0.0254950000000163
"negative_control",6,"N0X","main_distribution","DBSCAN_full",1000,5,2,6,"elliptical","t3",0,0,0.2,"isolated",0.000161507881616983,NA,NA,0,0,0,0.027497999999986
"negative_control",7,"N0X","p","DBSCAN_full",1000,10,2,6,"elliptical","normal",0,0,0.2,"isolated",4.80649489748906e-07,NA,NA,0,0,0,0.0612359999999571
"negative_control",8,"N0X","p","DBSCAN_full",1000,25,2,6,"elliptical","normal",0,0,0.2,"isolated",0,NA,NA,0,0,0,0.0974209999999603
"negative_control",9,"N0X","residual_total","DBSCAN_full",1000,5,2,6,"elliptical","normal",0,0,0.2,"isolated",7.61496464215847e-05,NA,NA,0,0,0,0.0212820000000138
"negative_control",10,"N0X","residual_total","DBSCAN_full",1000,5,2,6,"elliptical","normal",0,0,0.2,"isolated",1.20854523256526e-05,NA,NA,0,0,0,0.0206550000000152
"negative_control",1,"N0X","baseline","HDBSCAN_full",1000,5,2,6,"elliptical","normal",0,0,0.2,"isolated",0.0187446706146116,NA,NA,0.174,0.188,0.188,0.0372910000000005
"negative_control",2,"N0X","noise_type","HDBSCAN_full",1000,5,2,6,"elliptical","normal",0,0,0.2,"isolated",0.0218289260689209,NA,NA,0.136,0.147,0.147,0.0357790000000098
"negative_control",3,"N0X","noise_type","HDBSCAN_full",1000,5,2,6,"elliptical","normal",0,0,0.2,"isolated",2.1965855757471e-05,NA,NA,0.026,0.033,0.033,0.035881999999996
"negative_control",4,"N0X","noise_type","HDBSCAN_full",1000,5,2,6,"elliptical","normal",0,0,0.2,"isolated",0.000413618468454083,NA,NA,0.723,1.016,1.016,0.0354100000000153
"negative_control",5,"N0X","main_distribution","HDBSCAN_full",1000,5,2,6,"elliptical","t5",0,0,0.2,"isolated",0.0250272454141709,NA,NA,0.025,0.025,0.025,0.0356290000000081
"negative_control",6,"N0X","main_distribution","HDBSCAN_full",1000,5,2,6,"elliptical","t3",0,0,0.2,"isolated",0.0284042450736473,NA,NA,0.014,0.014,0.014,0.0353730000000078
"negative_control",7,"N0X","p","HDBSCAN_full",1000,10,2,6,"elliptical","normal",0,0,0.2,"isolated",0,NA,NA,0,0,0,0.0620529999999699
"negative_control",8,"N0X","p","HDBSCAN_full",1000,25,2,6,"elliptical","normal",0,0,0.2,"isolated",0,NA,NA,0,0,0,0.0938109999999633
"negative_control",9,"N0X","residual_total","HDBSCAN_full",1000,5,2,6,"elliptical","normal",0,0,0.2,"isolated",0.0178486600414196,NA,NA,0.188,0.201,0.201,0.0344049999999897
"negative_control",10,"N0X","residual_total","HDBSCAN_full",1000,5,2,6,"elliptical","normal",0,0,0.2,"isolated",0.022848999991409,NA,NA,0.12,0.131,0.131,0.0319840000000149
"negative_control",1,"N0X","baseline","OTRIMLE_fixedK",1000,5,2,6,"elliptical","normal",0,0,0.2,"isolated",0.507211918554578,NA,NA,0.002,0.002,0.002,3.033551
"negative_control",2,"N0X","noise_type","OTRIMLE_fixedK",1000,5,2,6,"elliptical","normal",0,0,0.2,"isolated",0.597159250379141,NA,NA,0,0,0,2.534159
"negative_control",3,"N0X","noise_type","OTRIMLE_fixedK",1000,5,2,6,"elliptical","normal",0,0,0.2,"isolated",0.414998237458051,NA,NA,0.002,0.002,0.002,4.421933
"negative_control",4,"N0X","noise_type","OTRIMLE_fixedK",1000,5,2,6,"elliptical","normal",0,0,0.2,"isolated",0.396335314857326,NA,NA,0.001,0.001,0.001,4.55881600000002
"negative_control",5,"N0X","main_distribution","OTRIMLE_fixedK",1000,5,2,6,"elliptical","t5",0,0,0.2,"isolated",0.129942971610253,NA,NA,0.122,0.122,0.122,3.31583700000002
"negative_control",6,"N0X","main_distribution","OTRIMLE_fixedK",1000,5,2,6,"elliptical","t3",0,0,0.2,"isolated",0.0635963513095209,NA,NA,0.165,0.165,0.165,3.51051000000001
"negative_control",7,"N0X","p","OTRIMLE_fixedK",1000,10,2,6,"elliptical","normal",0,0,0.2,"isolated",0.126557885513831,NA,NA,0.015,0.015,0.015,4.25662099999997
"negative_control",8,"N0X","p","OTRIMLE_fixedK",1000,25,2,6,"elliptical","normal",0,0,0.2,"isolated",4.2718665488369e-05,NA,NA,0.035,0.035,0.035,20.6258379999999
"negative_control",9,"N0X","residual_total","OTRIMLE_fixedK",1000,5,2,6,"elliptical","normal",0,0,0.2,"isolated",0.543275194980384,NA,NA,0,0,0,3.00947300000003
"negative_control",10,"N0X","residual_total","OTRIMLE_fixedK",1000,5,2,6,"elliptical","normal",0,0,0.2,"isolated",0.407315689980008,NA,NA,0.022,0.022,0.022,2.69110299999997
"negative_control",1,"N0X","baseline","TCLUST",1000,5,2,6,"elliptical","normal",0,0,0.2,"isolated",0.859327579412051,NA,NA,0,0,0,0.374762000000004
"negative_control",2,"N0X","noise_type","TCLUST",1000,5,2,6,"elliptical","normal",0,0,0.2,"isolated",0.941873614545163,NA,NA,0,0,0,0.370849000000003
"negative_control",3,"N0X","noise_type","TCLUST",1000,5,2,6,"elliptical","normal",0,0,0.2,"isolated",0.756308710972967,NA,NA,0,0,0,0.374930000000007
"negative_control",4,"N0X","noise_type","TCLUST",1000,5,2,6,"elliptical","normal",0,0,0.2,"isolated",0.762988636167223,NA,NA,0,0,0,0.376078000000017
"negative_control",5,"N0X","main_distribution","TCLUST",1000,5,2,6,"elliptical","t5",0,0,0.2,"isolated",0.737274517257265,NA,NA,0,0,0,0.37561800000001
"negative_control",6,"N0X","main_distribution","TCLUST",1000,5,2,6,"elliptical","t3",0,0,0.2,"isolated",0.683432120680667,NA,NA,0,0,0,0.379758000000011
"negative_control",7,"N0X","p","TCLUST",1000,10,2,6,"elliptical","normal",0,0,0.2,"isolated",0.875863298481179,NA,NA,0,0,0,0.632953999999972
"negative_control",8,"N0X","p","TCLUST",1000,25,2,6,"elliptical","normal",0,0,0.2,"isolated",0.0314851936478682,NA,NA,0,0,0,1.98237000000001
"negative_control",9,"N0X","residual_total","TCLUST",1000,5,2,6,"elliptical","normal",0,0,0.2,"isolated",0.898460124635125,NA,NA,0,0,0,0.373789999999995
"negative_control",10,"N0X","residual_total","TCLUST",1000,5,2,6,"elliptical","normal",0,0,0.2,"isolated",0.794750683769558,NA,NA,0,0,0,0.356356999999974
"negative_control",1,"N0X","baseline","tEIGEN_BIC",1000,5,2,6,"elliptical","normal",0,0,0.2,"isolated",0.93692514279555,NA,NA,0.023,0.058,0.058,82.761222
"negative_control",2,"N0X","noise_type","tEIGEN_BIC",1000,5,2,6,"elliptical","normal",0,0,0.2,"isolated",0.945210137940401,NA,NA,0.92,1.237,1.237,62.358645
"negative_control",3,"N0X","noise_type","tEIGEN_BIC",1000,5,2,6,"elliptical","normal",0,0,0.2,"isolated",0.915081890977689,NA,NA,1,1.021,1.021,76.912949
"negative_control",4,"N0X","noise_type","tEIGEN_BIC",1000,5,2,6,"elliptical","normal",0,0,0.2,"isolated",0.939237209902766,NA,NA,1,1.011,1.011,75.282506
"negative_control",5,"N0X","main_distribution","tEIGEN_BIC",1000,5,2,6,"elliptical","t5",0,0,0.2,"isolated",0.858696011880092,NA,NA,0,0,0,63.947972
"negative_control",6,"N0X","main_distribution","tEIGEN_BIC",1000,5,2,6,"elliptical","t3",0,0,0.2,"isolated",0.6980562009263,NA,NA,0.051,0.099,0.099,36.892291
"negative_control",7,"N0X","p","tEIGEN_BIC",1000,10,2,6,"elliptical","normal",0,0,0.2,"isolated",0.490362867719175,NA,NA,1,2.235,2.235,79.1363339999999
"negative_control",8,"N0X","p","tEIGEN_BIC",1000,25,2,6,"elliptical","normal",0,0,0.2,"isolated",0.733241386052347,NA,NA,0.611,0.938,0.938,171.737068
"negative_control",9,"N0X","residual_total","tEIGEN_BIC",1000,5,2,6,"elliptical","normal",0,0,0.2,"isolated",0.948597651102955,NA,NA,0.001,0.003,0.003,78.493842
"negative_control",10,"N0X","residual_total","tEIGEN_BIC",1000,5,2,6,"elliptical","normal",0,0,0.2,"isolated",0.66708481645358,NA,NA,0.612,1.403,1.403,79.448749
"negative_control",1,"N0X","baseline","Trimmed_kmeans",1000,5,2,6,"elliptical","normal",0,0,0.2,"isolated",0.0050478541921924,NA,NA,0,0,0,0.176618000000004
"negative_control",2,"N0X","noise_type","Trimmed_kmeans",1000,5,2,6,"elliptical","normal",0,0,0.2,"isolated",0.00565815343876464,NA,NA,0,0,0,0.174649999999997
"negative_control",3,"N0X","noise_type","Trimmed_kmeans",1000,5,2,6,"elliptical","normal",0,0,0.2,"isolated",0.00509186347199594,NA,NA,0,0,0,0.175263000000005
"negative_control",4,"N0X","noise_type","Trimmed_kmeans",1000,5,2,6,"elliptical","normal",0,0,0.2,"isolated",0.00816980592749587,NA,NA,0,0,0,0.176102000000013
"negative_control",5,"N0X","main_distribution","Trimmed_kmeans",1000,5,2,6,"elliptical","t5",0,0,0.2,"isolated",0.00475055370913833,NA,NA,0,0,0,0.175243000000001
"negative_control",6,"N0X","main_distribution","Trimmed_kmeans",1000,5,2,6,"elliptical","t3",0,0,0.2,"isolated",0.00501361440374581,NA,NA,0,0,0,0.175979000000018
"negative_control",7,"N0X","p","Trimmed_kmeans",1000,10,2,6,"elliptical","normal",0,0,0.2,"isolated",0.00371708382938009,NA,NA,0,0,0,0.229886999999992
"negative_control",8,"N0X","p","Trimmed_kmeans",1000,25,2,6,"elliptical","normal",0,0,0.2,"isolated",0.00302881285037494,NA,NA,0,0,0,0.337935999999943
"negative_control",9,"N0X","residual_total","Trimmed_kmeans",1000,5,2,6,"elliptical","normal",0,0,0.2,"isolated",0.00389579389139664,NA,NA,0,0,0,0.176550000000041
"negative_control",10,"N0X","residual_total","Trimmed_kmeans",1000,5,2,6,"elliptical","normal",0,0,0.2,"isolated",0.0102850098885831,NA,NA,0,0,0,0.166868999999975
"negative_control",1,"N0X","baseline","TSRClust_unvalidated",1000,5,2,6,"elliptical","normal",0,0,0.2,"isolated",0.859326777648356,NA,NA,1,1,1,0.376836000000004
"negative_control",2,"N0X","noise_type","TSRClust_unvalidated",1000,5,2,6,"elliptical","normal",0,0,0.2,"isolated",0.941873614545163,NA,NA,1,1,1,0.372178000000007
"negative_control",3,"N0X","noise_type","TSRClust_unvalidated",1000,5,2,6,"elliptical","normal",0,0,0.2,"isolated",0.756308606758252,NA,NA,1,1,1,0.376194000000008
"negative_control",4,"N0X","noise_type","TSRClust_unvalidated",1000,5,2,6,"elliptical","normal",0,0,0.2,"isolated",0.762986828440212,NA,NA,1,1,1,0.377311999999985
"negative_control",5,"N0X","main_distribution","TSRClust_unvalidated",1000,5,2,6,"elliptical","t5",0,0,0.2,"isolated",0.737266301790616,NA,NA,1,1,1,0.376865000000017
"negative_control",6,"N0X","main_distribution","TSRClust_unvalidated",1000,5,2,6,"elliptical","t3",0,0,0.2,"isolated",0.683421513780496,NA,NA,1,1,1,0.381042000000015
"negative_control",7,"N0X","p","TSRClust_unvalidated",1000,10,2,6,"elliptical","normal",0,0,0.2,"isolated",0.875863298481179,NA,NA,1,1,1,0.634542999999961
"negative_control",8,"N0X","p","TSRClust_unvalidated",1000,25,2,6,"elliptical","normal",0,0,0.2,"isolated",0.0314851936478682,NA,NA,1,1,1,1.98437400000001
"negative_control",9,"N0X","residual_total","TSRClust_unvalidated",1000,5,2,6,"elliptical","normal",0,0,0.2,"isolated",0.898460120157519,NA,NA,1,1,1,0.374669999999986
"negative_control",10,"N0X","residual_total","TSRClust_unvalidated",1000,5,2,6,"elliptical","normal",0,0,0.2,"isolated",0.794746389113709,NA,NA,1,1,1,0.358245999999943
"negative_control",1,"N0X","baseline","TSRClust_validated",1000,5,2,6,"elliptical","normal",0,0,0.2,"isolated",0.859327579412051,NA,NA,0,0,0,0.446071000000004
"negative_control",2,"N0X","noise_type","TSRClust_validated",1000,5,2,6,"elliptical","normal",0,0,0.2,"isolated",0.941873614545163,NA,NA,0,0,0,0.432275000000001
"negative_control",3,"N0X","noise_type","TSRClust_validated",1000,5,2,6,"elliptical","normal",0,0,0.2,"isolated",0.756308710972967,NA,NA,0,0,0,0.441726000000008
"negative_control",4,"N0X","noise_type","TSRClust_validated",1000,5,2,6,"elliptical","normal",0,0,0.2,"isolated",0.762988636167223,NA,NA,0.003,0.003,0.003,0.450296000000014
"negative_control",5,"N0X","main_distribution","TSRClust_validated",1000,5,2,6,"elliptical","t5",0,0,0.2,"isolated",0.737274517257265,NA,NA,0,0,0,0.439720000000002
"negative_control",6,"N0X","main_distribution","TSRClust_validated",1000,5,2,6,"elliptical","t3",0,0,0.2,"isolated",0.683432120680667,NA,NA,0,0,0,0.442656000000019
"negative_control",7,"N0X","p","TSRClust_validated",1000,10,2,6,"elliptical","normal",0,0,0.2,"isolated",0.875863298481179,NA,NA,0,0,0,0.708917999999963
"negative_control",8,"N0X","p","TSRClust_validated",1000,25,2,6,"elliptical","normal",0,0,0.2,"isolated",0.0314851936478682,NA,NA,0,0,0,2.07912999999998
"negative_control",9,"N0X","residual_total","TSRClust_validated",1000,5,2,6,"elliptical","normal",0,0,0.2,"isolated",0.898460124635125,NA,NA,0,0,0,0.41847400000004
"negative_control",10,"N0X","residual_total","TSRClust_validated",1000,5,2,6,"elliptical","normal",0,0,0.2,"isolated",0.794750683769558,NA,NA,0,0,0,0.456779000000011
